policyID,county,eq_site_limit,hu_site_limit,fl_site_limit,fr_site_limit,tiv_2011,tiv_2012
119736,CLAY COUNTY,498960,498960,498960,498960,498960,792148.9
448094,CLAY COUNTY,1322376.3,1322376.3,1322376.3,1322376.3,1322376.3,1438163.57
206893,CLAY COUNTY,190724.4,190724.4,190724.4,190724.4,190724.4,192476.78
333743,CLAY COUNTY,0,79520.76,0,0,79520.76,86854.48
172534,CLAY COUNTY,0,254281.5,0,254281.5,254281.5,246144.49
785275,CLAY COUNTY,0,515035.62,0,0,515035.62,884419.17
995932,CLAY COUNTY,0,19260000,0,0,19260000,20610000
223488,CLAY COUNTY,328500,328500,328500,328500,328500,348374.25
433512,CLAY COUNTY,315000,315000,315000,315000,315000,265821.57
142071,CLAY COUNTY,705600,705600,705600,705600,705600,1010842.56
253816,CLAY COUNTY,831498.3,831498.3,831498.3,831498.3,831498.3,1117791.48
894922,CLAY COUNTY,0,24059.09,0,0,24059.09,33952.19
422834,CLAY COUNTY,0,48115.94,0,0,48115.94,66755.39
582721,CLAY COUNTY,0,28869.12,0,0,28869.12,42826.99
842700,CLAY COUNTY,0,56135.64,0,0,56135.64,50656.8
874333,CLAY COUNTY,0,48115.94,0,0,48115.94,67905.07
580146,CLAY COUNTY,0,48115.94,0,0,48115.94,66938.9
456149,CLAY COUNTY,0,80192.49,0,0,80192.49,86421.04
767862,CLAY COUNTY,0,48115.94,0,0,48115.94,73798.5
353022,CLAY COUNTY,0,60946.79,0,0,60946.79,62467.29
367814,CLAY COUNTY,0,28869.12,0,0,28869.12,42727.74
671392,CLAY COUNTY,0,13410000,0,0,13410000,11700000
772887,CLAY COUNTY,0,1669113.93,0,0,1669113.93,2099127.76
983122,CLAY COUNTY,0,179562.23,0,0,179562.23,211372.57
934215,CLAY COUNTY,0,177744.16,0,0,177744.16,157171.16
385951,CLAY COUNTY,0,17757.58,0,0,17757.58,16948.72
716332,CLAY COUNTY,0,130129.87,0,0,130129.87,101758.43
751262,CLAY COUNTY,0,42854.77,0,0,42854.77,63592.88
633663,CLAY COUNTY,0,785.58,0,0,785.58,662.18
105851,CLAY COUNTY,0,170361.91,0,0,170361.91,177176.38
710400,CLAY COUNTY,0,1430.89,0,0,1430.89,1861.41
703001,CLAY COUNTY,0,129913.27,0,0,129913.27,101692.86
352792,CLAY COUNTY,0,366285.62,0,0,366285.62,507164.19
717603,CLAY COUNTY,0,22512.61,0,0,22512.61,28637.17
937659,SUWANNEE COUNTY,0,9246.6,0,9246.6,9246.6,10880.22
294022,SUWANNEE COUNTY,0,96164.64,0,0,96164.64,69357.78
410500,SUWANNEE COUNTY,0,11095.92,0,0,11095.92,12737.89
524433,SUWANNEE COUNTY,218475,218475,218475,218475,218475,199030.29
779298,SUWANNEE COUNTY,1400904,1400904,1400904,1400904,1400904,1772984.1
491831,SUWANNEE COUNTY,4365,4365,4365,4365,4365,4438.05
814637,SUWANNEE COUNTY,4365,4365,4365,4365,4365,6095.72
737515,SUWANNEE COUNTY,39789,39789,39789,39789,39789,58106.58
222653,SUWANNEE COUNTY,24867,24867,24867,24867,24867,18969.79
788543,SUWANNEE COUNTY,213876,213876,213876,213876,213876,261435.18
691681,SUWANNEE COUNTY,69435,69435,69435,69435,69435,93674.34
368807,SUWANNEE COUNTY,14922,14922,14922,14922,14922,12333.03
174002,SUWANNEE COUNTY,165546,165546,165546,165546,165546,239134.51
198760,SUWANNEE COUNTY,72837,72837,72837,72837,72837,86637.86
831395,SUWANNEE COUNTY,72837,72837,72837,72837,72837,98147.86
305698,SUWANNEE COUNTY,19440,19440,19440,19440,19440,30658.59
515722,SUWANNEE COUNTY,9945,9945,9945,9945,9945,11551.12
415582,SUWANNEE COUNTY,0,255878.61,0,0,255878.61,345894.66
783533,SUWANNEE COUNTY,0,153527.17,0,0,153527.17,138228.8
640802,SUWANNEE COUNTY,0,255878.61,0,0,255878.61,177339.74
403866,SUWANNEE COUNTY,0,102351.45,0,0,102351.45,95132.8
828788,SUWANNEE COUNTY,0,155489.66,0,0,155489.66,145139.65
751490,SUWANNEE COUNTY,0,137233.8,0,0,137233.8,114919.58
972562,SUWANNEE COUNTY,0,123596.05,0,0,123596.05,183015.09
367541,SUWANNEE COUNTY,0,107111.11,0,0,107111.11,88218.85
481360,SUWANNEE COUNTY,0,96309.32,0,0,96309.32,85911
920232,NASSAU COUNTY,0,104031.7,0,0,104031.7,168443.97
727659,NASSAU COUNTY,338944.5,338944.5,338944.5,338944.5,338944.5,485816.61
471817,NASSAU COUNTY,272349,272349,272349,272349,272349,414565.56
983043,NASSAU COUNTY,129690,129690,129690,129690,129690,129635.53
578286,NASSAU COUNTY,123210,123210,123210,123210,123210,120345.61
347276,NASSAU COUNTY,0,3698.64,0,0,3698.64,3939.13
477786,NASSAU COUNTY,2115760.5,2115760.5,0,0,2115760.5,3057739.39
265907,NASSAU COUNTY,0,93548.58,0,0,93548.58,118401.07
107560,NASSAU COUNTY,0,1037311.14,0,0,1037311.14,1487255.23
908183,NASSAU COUNTY,0,15463.3,0,0,15463.3,11825.56
356024,NASSAU COUNTY,0,13893.35,0,0,13893.35,13988.5
575299,NASSAU COUNTY,0,316618.23,0,0,316618.23,230328.99
790478,NASSAU COUNTY,0,54834.66,0,0,54834.66,63053.72
801776,NASSAU COUNTY,0,295269.11,0,0,295269.11,488965.65
291781,NASSAU COUNTY,0,723734.17,0,0,723734.17,955908.09
537286,NASSAU COUNTY,0,1741572,0,1741572,1741572,1455184.42
289305,COLUMBIA COUNTY,135450,135450,135450,135450,135450,164978.1
697409,COLUMBIA COUNTY,60300,60300,60300,60300,60300,77678.46
633944,COLUMBIA COUNTY,22500,22500,22500,22500,22500,19501.76
963511,COLUMBIA COUNTY,0,34212.42,0,0,34212.42,33250.37
729649,COLUMBIA COUNTY,0,460128.2,0,0,460128.2,626142.46
862584,COLUMBIA COUNTY,0,32169.69,0,0,32169.69,37291.11
371891,COLUMBIA COUNTY,0,50550.75,0,0,50550.75,49526.38
785595,COLUMBIA COUNTY,42300,42300,42300,42300,42300,53762.62
567696,COLUMBIA COUNTY,0,10171.26,0,0,10171.26,16798.29
219025,COLUMBIA COUNTY,0,155342.88,0,0,155342.88,176189.89
447216,COLUMBIA COUNTY,0,3698.64,0,0,3698.64,4424.48
305141,COLUMBIA COUNTY,0,4623.3,0,4623.3,4623.3,4525.86
625575,COLUMBIA COUNTY,0,33287.76,0,0,33287.76,27375.62
262109,COLUMBIA COUNTY,0,21267.18,0,0,21267.18,24840.49
228457,COLUMBIA COUNTY,0,729556.74,0,0,729556.74,889825.76
622799,COLUMBIA COUNTY,0,350446.14,0,0,350446.14,438049.26
233271,COLUMBIA COUNTY,0,2135964.6,0,2135964.6,2135964.6,1728721.59
932950,COLUMBIA COUNTY,0,4623.3,0,4623.3,4623.3,4782.1
641952,COLUMBIA COUNTY,0,2469639.6,0,2469639.6,2469639.6,2708463.63
796260,COLUMBIA COUNTY,0,914073.3,0,914073.3,914073.3,1296439.3
301822,COLUMBIA COUNTY,0,3042940.5,0,3042940.5,3042940.5,3181868.99
559927,COLUMBIA COUNTY,0,234997.65,0,0,234997.65,255975.89
224400,COLUMBIA COUNTY,0,912600,0,912600,912600,1147247.71
123936,COLUMBIA COUNTY,0,1920744.9,0,1920744.9,1920744.9,2837762.3
333818,COLUMBIA COUNTY,0,455754.6,0,455754.6,455754.6,696809.59
254323,COLUMBIA COUNTY,0,1552693.95,0,0,1552693.95,1552594.58
247444,COLUMBIA COUNTY,0,8910,0,8910,8910,13521.83
882598,COLUMBIA COUNTY,0,398968.2,0,398968.2,398968.2,424087.24
386918,COLUMBIA COUNTY,0,4500,0,4500,4500,4238.41
497337,COLUMBIA COUNTY,0,31071.6,0,31071.6,31071.6,57802.5
526844,COLUMBIA COUNTY,0,4956125.85,0,0,4956125.85,7279557.65
623400,COLUMBIA COUNTY,0,40500,0,40500,40500,34160.94
826170,COLUMBIA COUNTY,0,135868.99,0,0,135868.99,234280.26
185483,COLUMBIA COUNTY,0,36784.23,0,0,36784.23,58447.64
920003,COLUMBIA COUNTY,0,1086940.9,0,0,1086940.9,1770235.43
274246,COLUMBIA COUNTY,0,16767.17,0,0,16767.17,17228.6
423636,COLUMBIA COUNTY,0,1404900,0,1404900,1404900,1840643.78
970906,COLUMBIA COUNTY,0,4696520.5,0,0,4696520.5,6342697.9
227898,COLUMBIA COUNTY,0,67892.48,0,0,67892.48,86628.09
525138,COLUMBIA COUNTY,0,86056.32,0,0,86056.32,125938.17
923627,COLUMBIA COUNTY,0,67892.48,0,0,67892.48,64169.8
619743,COLUMBIA COUNTY,0,67892.48,0,0,67892.48,80898.23
910727,COLUMBIA COUNTY,0,86056.32,0,0,86056.32,91244.65
363647,COLUMBIA COUNTY,0,67892.48,0,0,67892.48,92333.77
512519,COLUMBIA COUNTY,0,101009.36,0,0,101009.36,98181.1
904304,COLUMBIA COUNTY,0,67892.48,0,0,67892.48,66272.56
835349,COLUMBIA COUNTY,0,67892.48,0,0,67892.48,99945.87
891725,COLUMBIA COUNTY,0,86056.32,0,0,86056.32,139415.11
923503,COLUMBIA COUNTY,0,86056.32,0,0,86056.32,106664.4
292347,COLUMBIA COUNTY,0,132603.34,0,0,132603.34,115117.07
363828,COLUMBIA COUNTY,0,132603.34,0,0,132603.34,216561.94
110490,COLUMBIA COUNTY,0,91764.15,0,0,91764.15,70364.02
480733,COLUMBIA COUNTY,0,457854.5,0,0,457854.5,345588.57
993346,COLUMBIA COUNTY,0,385480.82,0,0,385480.82,558330.42
934992,ST  JOHNS COUNTY,0,213596.46,0,0,213596.46,190329.82
645841,ST  JOHNS COUNTY,0,1051338.42,0,0,1051338.42,1069841.98
747846,ST  JOHNS COUNTY,0,6472.62,0,0,6472.62,9957.87
482457,ST  JOHNS COUNTY,0,159041.52,0,0,159041.52,249984.64
574787,ST  JOHNS COUNTY,0,12945.24,0,0,12945.24,19024.97
831418,ST  JOHNS COUNTY,0,29589.12,0,0,29589.12,35207.53
968562,ST  JOHNS COUNTY,0,12945.24,0,0,12945.24,16859.05
576324,ST  JOHNS COUNTY,29061,29061,29061,29061,29061,40749.33
290435,ST  JOHNS COUNTY,48087,48087,48087,48087,48087,68008.1
526086,ST  JOHNS COUNTY,128628,128628,128628,128628,128628,133425.18
119823,ST  JOHNS COUNTY,128628,128628,128628,128628,128628,168246.71
497414,ST  JOHNS COUNTY,128628,128628,128628,128628,128628,176279.14
340883,ST  JOHNS COUNTY,4968,4968,4968,4968,4968,5265.92
892551,ST  JOHNS COUNTY,157005,157005,157005,157005,157005,131774.3
670595,ST  JOHNS COUNTY,459,459,459,459,459,847.36
194101,ST  JOHNS COUNTY,459,459,459,459,459,428.69
167200,ST  JOHNS COUNTY,1062,1062,1062,1062,1062,1602.72
139064,ST  JOHNS COUNTY,2304,2304,2304,2304,2304,2474.16
846636,ST  JOHNS COUNTY,1476,1476,1476,1476,1476,1935.04
310177,NASSAU COUNTY,185040,185040,185040,185040,185040,313975.87
865452,NASSAU COUNTY,0,11095.92,0,0,11095.92,11961.62
783429,NASSAU COUNTY,0,8321.94,0,0,8321.94,9646.79
878060,NASSAU COUNTY,0,199726.56,0,0,199726.56,277743.75
935342,NASSAU COUNTY,0,118356.48,0,0,118356.48,182860.76
456376,NASSAU COUNTY,0,17568.54,0,0,17568.54,29936.79
363001,NASSAU COUNTY,0,147945.6,0,147945.6,147945.6,238338.59
478864,NASSAU COUNTY,0,724933.44,0,0,724933.44,767347.85
600402,NASSAU COUNTY,0,8284485.6,0,0,8284485.6,8073943.68
483983,NASSAU COUNTY,438498,438498,0,0,438498,636264.11
991615,NASSAU COUNTY,0,99960.9,0,0,99960.9,88679.21
644573,NASSAU COUNTY,0,669692.78,0,0,669692.78,841130.78
853278,NASSAU COUNTY,0,240539.39,0,0,240539.39,412765.59
100658,NASSAU COUNTY,0,331518.28,0,0,331518.28,464703.76
433115,NASSAU COUNTY,0,5919.86,0,0,5919.86,9839.94
760337,NASSAU COUNTY,0,77426.73,0,0,77426.73,73196.13
884738,NASSAU COUNTY,0,765763.8,0,0,765763.8,735948.78
610102,NASSAU COUNTY,0,7532014.45,0,0,7532014.45,10710000
830823,NASSAU COUNTY,0,963962.79,0,0,963962.79,977226.92
618364,NASSAU COUNTY,0,121066.57,0,0,121066.57,115414.7
712563,NASSAU COUNTY,0,70964.84,0,0,70964.84,72362.85
493030,NASSAU COUNTY,0,755749,0,0,755749,658571.77
188150,NASSAU COUNTY,0,2162232,0,2162232,2162232,2520816.55
589642,NASSAU COUNTY,0,615141.68,0,0,615141.68,895926.17
846109,NASSAU COUNTY,0,135000,0,135000,135000,138827.52
399079,NASSAU COUNTY,0,161748,0,161748,161748,235301.93
680135,NASSAU COUNTY,0,164484,0,164484,164484,194814.85
621379,NASSAU COUNTY,0,170532,0,170532,170532,178465.15
606710,NASSAU COUNTY,0,181980,0,181980,181980,181216.05
443319,NASSAU COUNTY,0,181980,0,181980,181980,151151.13
228591,NASSAU COUNTY,0,186012,0,186012,186012,176389.97
721610,NASSAU COUNTY,0,192348,0,192348,192348,210005.55
507395,NASSAU COUNTY,0,197604,0,197604,197604,203450.71
213399,NASSAU COUNTY,0,198468,0,198468,198468,202538.58
579400,NASSAU COUNTY,0,198612,0,198612,198612,226675.88
509951,NASSAU COUNTY,0,200052,0,200052,200052,335395.98
930798,NASSAU COUNTY,0,201276,0,201276,201276,216909.11
729247,NASSAU COUNTY,0,207324,0,207324,207324,252344.61
288344,NASSAU COUNTY,0,208836,0,208836,208836,310058.81
275351,NASSAU COUNTY,0,212436,0,212436,212436,225030.91
976690,NASSAU COUNTY,0,218052,0,218052,218052,332681.94
507111,NASSAU COUNTY,0,218412,0,218412,218412,222125
547458,NASSAU COUNTY,0,221076,0,221076,221076,277280.37
827732,NASSAU COUNTY,0,226764,0,226764,226764,303833.37
229489,NASSAU COUNTY,0,237132,0,237132,237132,282225.02
175251,NASSAU COUNTY,0,239652,0,239652,239652,178583.88
590043,NASSAU COUNTY,0,245052,0,245052,245052,241166.46
476037,NASSAU COUNTY,0,245052,0,245052,245052,306551.23
674960,NASSAU COUNTY,0,257868,0,257868,257868,338372.33
743790,NASSAU COUNTY,0,6381518.4,0,6381518.4,6381518.4,8757880.98
817283,NASSAU COUNTY,0,15390000,0,15390000,15390000,11790000
201980,NASSAU COUNTY,235696.5,235696.5,235696.5,235696.5,235696.5,353171.41
351505,NASSAU COUNTY,18000,18000,18000,18000,18000,16830
798806,NASSAU COUNTY,1772074.8,1772074.8,1772074.8,1772074.8,1772074.8,1768133.71
153643,NASSAU COUNTY,95922,95922,95922,95922,95922,150073.42
683653,NASSAU COUNTY,20763,20763,20763,20763,20763,20966.31
475264,NASSAU COUNTY,0,16560000,0,0,16560000,20610000
912944,NASSAU COUNTY,0,582759.1,0,0,582759.1,1020490.44
945134,NASSAU COUNTY,0,2244.53,0,0,2244.53,2937.46
219959,NASSAU COUNTY,0,196396.18,0,0,196396.18,190425.74
793504,NASSAU COUNTY,0,21500.33,0,0,21500.33,19687.96
450423,NASSAU COUNTY,0,74091.86,0,0,74091.86,110035.31
505178,NASSAU COUNTY,0,86863.23,0,0,86863.23,123807.2
408688,NASSAU COUNTY,0,796134.02,0,0,796134.02,838972.4
477759,NASSAU COUNTY,0,298522.2,0,0,298522.2,227585.86
882441,NASSAU COUNTY,0,23118.64,0,0,23118.64,23505.92
727602,NASSAU COUNTY,0,63407.91,0,0,63407.91,78862
313226,NASSAU COUNTY,0,285728.39,0,0,285728.39,288837.12
337027,NASSAU COUNTY,0,9016.27,0,0,9016.27,9045.12
649251,NASSAU COUNTY,0,80915.23,0,0,80915.23,98214.9
142564,NASSAU COUNTY,0,28898.3,0,0,28898.3,36004.04
197782,NASSAU COUNTY,0,1505741.49,0,0,1505741.49,2197471.6
709787,NASSAU COUNTY,0,53078.59,0,0,53078.59,62305.99
655065,NASSAU COUNTY,0,162952.72,0,0,162952.72,185883.43
176778,NASSAU COUNTY,0,2261249.55,0,0,2261249.55,1825782.64
559179,NASSAU COUNTY,0,1363101.75,0,0,1363101.75,1619364.87
698071,NASSAU COUNTY,0,295716.54,0,0,295716.54,247758.41
642950,NASSAU COUNTY,0,392231.24,0,0,392231.24,344336.66
477240,NASSAU COUNTY,0,192917.17,0,0,192917.17,238214.12
672348,NASSAU COUNTY,0,168339.59,0,0,168339.59,269983.03
922844,NASSAU COUNTY,0,316029.52,0,0,316029.52,337216.14
948580,NASSAU COUNTY,0,151505.63,0,0,151505.63,185310.32
364552,NASSAU COUNTY,0,280565.98,0,0,280565.98,329505.66
561601,NASSAU COUNTY,0,460128.2,0,0,460128.2,792672.06
584749,NASSAU COUNTY,0,324000,0,324000,324000,506745.07
601327,COLUMBIA COUNTY,212850,212850,212850,212850,212850,340143.88
302578,COLUMBIA COUNTY,135000,135000,135000,135000,135000,150719.13
756585,COLUMBIA COUNTY,94284,94284,94284,94284,94284,100714.17
627591,COLUMBIA COUNTY,6300,6300,6300,6300,6300,9566.42
663563,COLUMBIA COUNTY,1248407.1,1248407.1,0,0,1248407.1,1417531.31
108959,COLUMBIA COUNTY,0,114170.34,0,0,114170.34,136068.22
951069,COLUMBIA COUNTY,0,498344.66,0,0,498344.66,434656.21
490641,BAKER COUNTY,0,910.22,0,0,910.22,1346.55
443968,BAKER COUNTY,0,3195.34,0,0,3195.34,4551.39
433688,CLAY COUNTY,0,172157.99,0,0,172157.99,171582.99
168578,CLAY COUNTY,945000,945000,945000,945000,945000,750524.67
294375,CLAY COUNTY,76500,76500,76500,76500,76500,121368.78
902110,CLAY COUNTY,76500,76500,76500,76500,76500,94517.28
279816,CLAY COUNTY,431726.4,431726.4,0,0,431726.4,640896.11
994565,CLAY COUNTY,0,11767.98,0,0,11767.98,14137.95
930535,CLAY COUNTY,0,15981.99,0,0,15981.99,25400.89
844642,CLAY COUNTY,0,35302.09,0,0,35302.09,47059.67
292887,CLAY COUNTY,0,26396.15,0,0,26396.15,28938.78
655128,CLAY COUNTY,0,7536.5,0,0,7536.5,10216
164038,CLAY COUNTY,0,13198.07,0,0,13198.07,16695.56
163057,CLAY COUNTY,0,29410.75,0,0,29410.75,25890.52
327730,CLAY COUNTY,0,13198.07,0,0,13198.07,11239.53
218187,CLAY COUNTY,0,25780.36,0,0,25780.36,35155
697530,CLAY COUNTY,0,9806.65,0,0,9806.65,16990.72
619053,CLAY COUNTY,0,15992.1,0,0,15992.1,23431.62
431406,CLAY COUNTY,0,9806.65,0,0,9806.65,7026.15
256801,CLAY COUNTY,0,13198.07,0,0,13198.07,22117.33
571398,CLAY COUNTY,0,304842.43,0,0,304842.43,250185.41
239669,CLAY COUNTY,0,13198.07,0,0,13198.07,13200.19
530369,CLAY COUNTY,0,48252.01,0,0,48252.01,36139.79
948187,CLAY COUNTY,0,9806.65,0,0,9806.65,13926.22
571059,CLAY COUNTY,0,9190.86,0,0,9190.86,14678.43
470539,CLAY COUNTY,0,68931.45,0,0,68931.45,85159.98
791046,CLAY COUNTY,0,68931.45,0,0,68931.45,99578.92
563971,CLAY COUNTY,0,27572.58,0,0,27572.58,30033.98
823903,CLAY COUNTY,0,13786.29,0,0,13786.29,22316.42
812504,CLAY COUNTY,0,9190.86,0,0,9190.86,10540.08
597719,CLAY COUNTY,0,102937.63,0,0,102937.63,94857.02
716513,CLAY COUNTY,0,19605.94,0,0,19605.94,18479.62
378286,CLAY COUNTY,0,13198.07,0,0,13198.07,16161.17
698982,CLAY COUNTY,0,9806.65,0,0,9806.65,12391.68
624550,CLAY COUNTY,0,9806.65,0,0,9806.65,13533.17
666076,CLAY COUNTY,0,11764.3,0,0,11764.3,11058.82
474145,CLAY COUNTY,0,7619.22,0,0,7619.22,6304.92
572929,CLAY COUNTY,0,13198.07,0,0,13198.07,18039.84
640205,CLAY COUNTY,0,6433.6,0,0,6433.6,8588.09
295930,CLAY COUNTY,0,6617.42,0,0,6617.42,5824.75
823004,CLAY COUNTY,0,9806.65,0,0,9806.65,9970.77
230536,CLAY COUNTY,0,8712.94,0,0,8712.94,10813.94
936142,CLAY COUNTY,0,301000.66,0,0,301000.66,321265.52
724639,CLAY COUNTY,0,57442.87,0,0,57442.87,86664.06
119986,CLAY COUNTY,0,18381.72,0,0,18381.72,15298.37
603370,CLAY COUNTY,0,3032.98,0,0,3032.98,4916.61
532496,CLAY COUNTY,0,3032.98,0,0,3032.98,4227.37
786954,CLAY COUNTY,0,9007.04,0,0,9007.04,7864.77
416348,CLAY COUNTY,0,18381.72,0,0,18381.72,27063.92
506364,CLAY COUNTY,0,652150.86,0,0,652150.86,614169.6
311994,CLAY COUNTY,0,75824.59,0,0,75824.59,85602.93
807442,CLAY COUNTY,0,91908.6,0,0,91908.6,94516.04
235695,CLAY COUNTY,0,45954.3,0,0,45954.3,41626.05
481294,CLAY COUNTY,0,64336.02,0,0,64336.02,69354.23
292670,CLAY COUNTY,0,234366.92,0,0,234366.92,184597.7
127739,CLAY COUNTY,0,13786.29,0,0,13786.29,17192.67
869056,CLAY COUNTY,0,22977.15,0,0,22977.15,22060.5
514471,CLAY COUNTY,0,18381.72,0,0,18381.72,27269.28
903764,CLAY COUNTY,0,91908.6,0,0,91908.6,130879.31
192068,CLAY COUNTY,0,43840.4,0,0,43840.4,39041.19
109815,CLAY COUNTY,0,38601.61,0,0,38601.61,63272.13
495339,CLAY COUNTY,0,413588.69,0,0,413588.69,420116.77
752123,CLAY COUNTY,0,13786.29,0,0,13786.29,18320.32
412775,CLAY COUNTY,0,22977.15,0,0,22977.15,28403.71
249958,CLAY COUNTY,0,25274.86,0,0,25274.86,38878
754919,CLAY COUNTY,0,27572.58,0,0,27572.58,24486.1
829637,CLAY COUNTY,0,137862.9,0,0,137862.9,127544.55
931429,CLAY COUNTY,0,91908.6,0,0,91908.6,97127.17
565451,CLAY COUNTY,0,22977.15,0,0,22977.15,31074.07
722334,CLAY COUNTY,0,27572.58,0,0,27572.58,36234.34
630898,CLAY COUNTY,0,77254.74,0,0,77254.74,114400.37
166536,CLAY COUNTY,0,212887.5,0,0,212887.5,184477.66
469135,CLAY COUNTY,0,653122.95,0,0,653122.95,1049829.83
678786,CLAY COUNTY,0,635702.59,0,0,635702.59,803088.17
284473,CLAY COUNTY,0,781465.69,0,0,781465.69,1174149.07
499389,CLAY COUNTY,0,638884.47,0,0,638884.47,926230.42
541241,CLAY COUNTY,0,1939500,0,1939500,1939500,3345521.13
797586,CLAY COUNTY,0,6760449.39,0,0,6760449.39,6739694.81
812823,CLAY COUNTY,162366.3,162366.3,162366.3,162366.3,162366.3,168942.46
598244,CLAY COUNTY,0,648862.42,0,0,648862.42,981993.57
788363,CLAY COUNTY,0,240578.59,0,0,240578.59,192335.37
737787,CLAY COUNTY,0,13467.17,0,0,13467.17,14335.1
445518,CLAY COUNTY,0,19639.62,0,0,19639.62,24001.58
758347,CLAY COUNTY,0,604316.67,0,0,604316.67,622958.63
195133,CLAY COUNTY,0,171459.48,0,0,171459.48,160656.16
991548,CLAY COUNTY,0,822091.98,0,0,822091.98,885491.72
696936,CLAY COUNTY,0,85444.69,0,0,85444.69,124562.37
393176,CLAY COUNTY,0,26934.33,0,0,26934.33,34616.01
626647,CLAY COUNTY,0,162728.27,0,0,162728.27,266906.9
915781,CLAY COUNTY,0,589356.89,0,0,589356.89,472322.4
827852,CLAY COUNTY,0,13657.95,0,0,13657.95,19860.19
800420,CLAY COUNTY,0,64726.57,0,0,64726.57,71551.34
728346,CLAY COUNTY,0,2603338.04,0,0,2603338.04,3496699.52
928642,CLAY COUNTY,0,67335.83,0,0,67335.83,69182.52
442061,CLAY COUNTY,0,22445.28,0,0,22445.28,24191.61
810826,CLAY COUNTY,0,31984.52,0,0,31984.52,52870.8
336798,CLAY COUNTY,0,44890.56,0,0,44890.56,60419.64
830917,CLAY COUNTY,0,15341.35,0,0,15341.35,20025.98
984232,CLAY COUNTY,0,1748172.94,0,0,1748172.94,2274163.21
203667,CLAY COUNTY,0,212051.77,0,0,212051.77,205713.96
395084,CLAY COUNTY,0,238222.96,0,0,238222.96,347967.51
869242,CLAY COUNTY,0,174354.92,0,0,174354.92,187374.87
704537,CLAY COUNTY,0,29086.84,0,0,29086.84,39703.53
692691,CLAY COUNTY,0,49883.51,0,0,49883.51,54682.3
580758,CLAY COUNTY,0,33850.85,0,0,33850.85,47324.63
515486,CLAY COUNTY,0,14204.49,0,0,14204.49,21284.3
884079,CLAY COUNTY,0,60112.94,0,0,60112.94,67485.56
491095,CLAY COUNTY,0,776595.4,0,0,776595.4,788694.76
579764,CLAY COUNTY,0,88434.4,0,0,88434.4,110143.27
263177,CLAY COUNTY,0,61724.52,0,0,61724.52,50970.62
710739,CLAY COUNTY,0,33667.92,0,0,33667.92,45290.08
156129,CLAY COUNTY,0,64275.42,0,0,64275.42,80342.73
178800,BRADFORD COUNTY,216363.6,216363.6,0,0,216363.6,347251.89
406073,BRADFORD COUNTY,0,106317.27,0,0,106317.27,105384.87
450089,BRADFORD COUNTY,0,170207.57,0,0,170207.57,148194.97
894206,NASSAU COUNTY,189999.9,189999.9,0,0,189999.9,291171.43
472007,NASSAU COUNTY,635996.7,635996.7,0,0,635996.7,1010881.77
500287,NASSAU COUNTY,1729530,1729530,0,0,1729530,2062651.31
365732,NASSAU COUNTY,0,110218.53,0,0,110218.53,114569.52
365145,NASSAU COUNTY,0,123995.38,0,0,123995.38,142594.69
237841,NASSAU COUNTY,0,13777.78,0,0,13777.78,22931.74
497561,NASSAU COUNTY,0,38954.52,0,0,38954.52,30813.03
245837,NASSAU COUNTY,0,428020.45,0,0,428020.45,590955.85
732075,NASSAU COUNTY,0,38954.52,0,0,38954.52,44390.39
657625,NASSAU COUNTY,0,3505598.5,0,0,3505598.5,5610030.32
790556,NASSAU COUNTY,0,140160.38,0,0,140160.38,195355.54
207626,NASSAU COUNTY,0,60397.19,0,0,60397.19,73202.3
902008,NASSAU COUNTY,0,1138559.14,0,0,1138559.14,1124171.17
135936,HAMILTON COUNTY,0,4623.3,0,4623.3,4623.3,7055.16
997759,HAMILTON COUNTY,0,34212.42,0,0,34212.42,42302.97
470224,HAMILTON COUNTY,0,11095.92,0,0,11095.92,10246.42
367761,HAMILTON COUNTY,0,25899.23,0,0,25899.23,35000.32
285586,HAMILTON COUNTY,0,10211.17,0,0,10211.17,18829.64
122164,HAMILTON COUNTY,0,4084.47,0,0,4084.47,3579.34
152913,HAMILTON COUNTY,0,26920.35,0,0,26920.35,28007.93
655156,HAMILTON COUNTY,0,80668.21,0,0,80668.21,70626.63
989201,HAMILTON COUNTY,0,70642.7,0,0,70642.7,63476.71
207985,HAMILTON COUNTY,0,263169.6,0,0,263169.6,368477.97
732449,HAMILTON COUNTY,0,15873.72,0,0,15873.72,12857.71
665653,HAMILTON COUNTY,0,246924.56,0,0,246924.56,419574.22
939634,HAMILTON COUNTY,0,942304.98,0,0,942304.98,1133298.89
981796,HAMILTON COUNTY,0,12996.03,0,0,12996.03,17111.87
269573,HAMILTON COUNTY,0,42886.9,0,0,42886.9,66233.75
602123,HAMILTON COUNTY,0,2784.86,0,0,2784.86,4613.35
336717,HAMILTON COUNTY,0,105764.12,0,0,105764.12,116617.63
238449,HAMILTON COUNTY,0,18419.71,0,0,18419.71,26153.37
530357,HAMILTON COUNTY,0,36836.28,0,0,36836.28,38632.56
896911,HAMILTON COUNTY,0,214534.66,0,0,214534.66,252790.47
391646,HAMILTON COUNTY,0,44199.98,0,0,44199.98,54449.07
710345,HAMILTON COUNTY,0,51130.14,0,0,51130.14,53139.05
944525,HAMILTON COUNTY,194537.7,194537.7,0,0,194537.7,156395.86
800878,HAMILTON COUNTY,0,28776.92,0,0,28776.92,32189.87
866106,HAMILTON COUNTY,0,151310.92,0,0,151310.92,158091.16
204794,HAMILTON COUNTY,0,179562.23,0,0,179562.23,147384.67
849458,HAMILTON COUNTY,0,16833.96,0,0,16833.96,19110.92
806471,HAMILTON COUNTY,0,24914.26,0,0,24914.26,33937.58
464589,HAMILTON COUNTY,0,169461.85,0,0,169461.85,242525.33
591943,UNION COUNTY,407520,407520,407520,407520,407520,652935.06
973133,UNION COUNTY,137160,137160,137160,137160,137160,235651.85
743965,UNION COUNTY,123300,123300,123300,123300,123300,117740.65
528185,UNION COUNTY,0,37823.84,0,0,37823.84,66198.38
219113,UNION COUNTY,0,181487.52,0,0,181487.52,272492.62
376803,UNION COUNTY,0,948148.79,0,0,948148.79,1344182.96
233559,COLUMBIA COUNTY,585000,585000,585000,585000,585000,516026.16
579117,COLUMBIA COUNTY,82620,82620,82620,82620,82620,67513.1
517674,COLUMBIA COUNTY,0,61027.56,0,0,61027.56,66963.34
980808,COLUMBIA COUNTY,0,22500,0,22500,22500,15583.05
143584,COLUMBIA COUNTY,874801.8,874801.8,0,0,874801.8,1488037.86
489643,COLUMBIA COUNTY,504230.4,504230.4,0,0,504230.4,381198.18
986109,COLUMBIA COUNTY,0,67591.02,0,0,67591.02,107281.96
654640,COLUMBIA COUNTY,0,135763.24,0,0,135763.24,123495.13
700895,COLUMBIA COUNTY,702820.8,702820.8,702820.8,702820.8,702820.8,800541
407962,COLUMBIA COUNTY,0,129600000,0,0,129600000,120600000
494610,COLUMBIA COUNTY,0,67892.48,0,0,67892.48,51746.63
744305,COLUMBIA COUNTY,0,67892.48,0,0,67892.48,95471.01
512991,COLUMBIA COUNTY,0,102221.41,0,0,102221.41,123969.01
507789,COLUMBIA COUNTY,0,105926,0,0,105926,149616.24
186262,COLUMBIA COUNTY,0,4542119.64,0,0,4542119.64,4765537.43
978388,COLUMBIA COUNTY,0,191242.75,0,0,191242.75,275087.39
784347,COLUMBIA COUNTY,0,921352.86,0,0,921352.86,1031325.54
679408,COLUMBIA COUNTY,0,35322.13,0,0,35322.13,51938.8
306619,COLUMBIA COUNTY,0,108562.2,0,0,108562.2,128945.84
457004,COLUMBIA COUNTY,0,26195.88,0,0,26195.88,31749.41
329255,COLUMBIA COUNTY,0,101204.64,0,0,101204.64,159306.22
900892,COLUMBIA COUNTY,0,16160.6,0,0,16160.6,12760.09
633241,COLUMBIA COUNTY,0,22781.96,0,0,22781.96,31753.49
502372,COLUMBIA COUNTY,0,114298.09,0,0,114298.09,87129.43
719075,COLUMBIA COUNTY,0,315302.29,0,0,315302.29,370039.71
920786,COLUMBIA COUNTY,0,109954.93,0,0,109954.93,131220.21
232605,COLUMBIA COUNTY,0,180630.62,0,0,180630.62,222258.75
601984,COLUMBIA COUNTY,0,124374.9,0,0,124374.9,178903.34
459878,COLUMBIA COUNTY,0,134464.05,0,0,134464.05,189045.7
565530,COLUMBIA COUNTY,0,496159.61,0,0,496159.61,489018.88
202651,COLUMBIA COUNTY,0,2311064.6,0,0,2311064.6,2670204.04
909104,COLUMBIA COUNTY,0,72279,0,72279,72279,123617.33
872719,COLUMBIA COUNTY,0,22356.54,0,0,22356.54,22455.91
997611,COLUMBIA COUNTY,0,16767.17,0,0,16767.17,21121.61
519606,COLUMBIA COUNTY,0,16767.17,0,0,16767.17,26327.41
624248,COLUMBIA COUNTY,0,396814.48,0,0,396814.48,433692.83
783767,COLUMBIA COUNTY,0,167668.04,0,0,167668.04,255938.56
285479,COLUMBIA COUNTY,0,16767.17,0,0,16767.17,12877.19
424793,COLUMBIA COUNTY,0,16767.17,0,0,16767.17,20170.81
256213,COLUMBIA COUNTY,0,22356.54,0,0,22356.54,24969.08
155199,COLUMBIA COUNTY,0,22356.54,0,0,22356.54,27389.44
830871,COLUMBIA COUNTY,0,16767.17,0,0,16767.17,23608.18
757768,COLUMBIA COUNTY,0,16767.17,0,0,16767.17,14548.41
176583,COLUMBIA COUNTY,0,344852.16,0,0,344852.16,433818.5
678864,COLUMBIA COUNTY,0,68970.43,0,0,68970.43,96002.7
854000,COLUMBIA COUNTY,0,91960.58,0,0,91960.58,80292.62
631978,COLUMBIA COUNTY,0,25748.96,0,0,25748.96,36460.53
967058,COLUMBIA COUNTY,0,25105.24,0,0,25105.24,30475.72
878374,COLUMBIA COUNTY,0,38623.44,0,0,38623.44,60957.06
113053,COLUMBIA COUNTY,0,9196.06,0,0,9196.06,7797.29
288738,COLUMBIA COUNTY,0,9196.06,0,0,9196.06,12297.35
594369,COLUMBIA COUNTY,0,38623.44,0,0,38623.44,42941.54
706890,COLUMBIA COUNTY,0,45980.29,0,0,45980.29,63408.66
536032,COLUMBIA COUNTY,0,137940.86,0,0,137940.86,213321.55
747825,COLUMBIA COUNTY,0,27944.98,0,0,27944.98,47665.19
608124,COLUMBIA COUNTY,0,22356.54,0,0,22356.54,37227.66
934739,COLUMBIA COUNTY,0,89423.38,0,0,89423.38,126691.92
757078,COLUMBIA COUNTY,0,16767.17,0,0,16767.17,16711.17
956518,COLUMBIA COUNTY,0,12250.99,0,0,12250.99,17567.13
548584,COLUMBIA COUNTY,0,30686.32,0,0,30686.32,40211.36
132904,COLUMBIA COUNTY,0,59774.37,0,0,59774.37,50210.47
111857,COLUMBIA COUNTY,0,32186.2,0,0,32186.2,38484.4
388383,COLUMBIA COUNTY,0,11549.33,0,0,11549.33,16277.72
276410,BRADFORD COUNTY,2070,2070,2070,2070,2070,1875.38
546756,BRADFORD COUNTY,0,42481.06,0,0,42481.06,44399.5
669229,MADISON COUNTY,321053.4,321053.4,321053.4,321053.4,321053.4,518064.61
766573,MADISON COUNTY,132651,132651,132651,132651,132651,220996.57
765578,MADISON COUNTY,23400,23400,23400,23400,23400,18558.54
166613,MADISON COUNTY,0,0,0,0,5932213.89,9630000
883261,MADISON COUNTY,977330.7,977330.7,0,0,977330.7,790445.52
842655,MADISON COUNTY,0,1222262.42,0,0,1222262.42,1186037.01
248167,SUWANNEE COUNTY,493833.6,493833.6,493833.6,493833.6,493833.6,694889.06
976562,SUWANNEE COUNTY,305427.6,305427.6,0,0,305427.6,269112.26
620457,SUWANNEE COUNTY,288279,288279,0,0,288279,264045.11
336697,SUWANNEE COUNTY,0,910695.68,0,0,910695.68,847083.59
648295,SUWANNEE COUNTY,0,14066.75,0,0,14066.75,14922.01
858080,SUWANNEE COUNTY,0,7571.54,0,0,7571.54,6481.05
579910,SUWANNEE COUNTY,0,702715.18,0,0,702715.18,644961.83
735184,SUWANNEE COUNTY,0,132894.53,0,0,132894.53,153444.94
420445,SUWANNEE COUNTY,0,14066.75,0,0,14066.75,18409.67
373504,SUWANNEE COUNTY,0,113441.57,0,0,113441.57,141507.02
266080,SUWANNEE COUNTY,0,123449.03,0,0,123449.03,205071.55
178535,SUWANNEE COUNTY,0,701414.94,0,0,701414.94,951909.86
574531,BAKER COUNTY,67590,67590,67590,67590,67590,57465.83
606491,BAKER COUNTY,14670,14670,14670,14670,14670,15491.3
885991,BAKER COUNTY,0,1449866.88,0,0,1449866.88,1338076.34
908170,BAKER COUNTY,0,1849.32,0,0,1849.32,1987.47
487022,BAKER COUNTY,0,372637.98,0,0,372637.98,295022.71
723719,BAKER COUNTY,0,211747.14,0,0,211747.14,369024.45
628922,BAKER COUNTY,0,6472.62,0,0,6472.62,4657.86
232316,BAKER COUNTY,2476576.8,2476576.8,0,0,2476576.8,2011109.14
151933,BAKER COUNTY,0,34713.82,0,0,34713.82,44497.57
225577,BAKER COUNTY,0,17198.19,0,0,17198.19,19900.03
443296,BAKER COUNTY,0,14453.8,0,0,14453.8,25187.77
747464,BAKER COUNTY,0,796867.35,0,0,796867.35,1238331.86
548566,BAKER COUNTY,0,1125.2,0,0,1125.2,1040.28
510281,BAKER COUNTY,0,59097.75,0,0,59097.75,72289.55
481334,BAKER COUNTY,0,58547.04,0,0,58547.04,78757.48
621142,BAKER COUNTY,0,2790.13,0,0,2790.13,3172.8
907206,BAKER COUNTY,0,12087.22,0,0,12087.22,12932.89
963412,BAKER COUNTY,0,5324.12,0,0,5324.12,3869.4
561805,BAKER COUNTY,0,1863.44,0,0,1863.44,3091.08
177053,BAKER COUNTY,0,75825.74,0,0,75825.74,118661.22
888564,BAKER COUNTY,0,228.7,0,0,228.7,263.6
399592,BAKER COUNTY,0,3210.02,0,0,3210.02,2770.49
616030,BAKER COUNTY,0,5962.65,0,0,5962.65,9177.71
671336,BAKER COUNTY,0,910.22,0,0,910.22,1329.26
914194,BAKER COUNTY,0,910.22,0,0,910.22,1033.53
632104,BAKER COUNTY,0,9660.26,0,0,9660.26,9621.62
895447,BAKER COUNTY,0,1585.34,0,0,1585.34,1968.83
969519,BAKER COUNTY,0,11880.48,0,0,11880.48,13693.44
149119,BAKER COUNTY,0,8370.4,0,0,8370.4,6178.61
804466,BAKER COUNTY,0,48183.3,0,0,48183.3,65695.04
688199,BAKER COUNTY,0,2706.89,0,0,2706.89,2759.65
977912,BAKER COUNTY,0,4665.47,0,0,4665.47,5262.65
312530,BAKER COUNTY,0,79587.39,0,0,79587.39,116057.51
154572,BAKER COUNTY,0,19210.75,0,0,19210.75,33549.65
299157,BAKER COUNTY,0,14453.8,0,0,14453.8,15369.13
358433,BAKER COUNTY,0,631.21,0,0,631.21,659.24
131991,BAKER COUNTY,0,1209270.9,0,0,1209270.9,1100339.77
844614,BAKER COUNTY,0,101097.02,0,0,101097.02,151485.4
735501,BAKER COUNTY,0,86949.68,0,0,86949.68,111810.33
703956,BAKER COUNTY,0,403517.2,0,0,403517.2,449453.6
547680,BAKER COUNTY,0,384.21,0,0,384.21,345.57
562722,BAKER COUNTY,0,45932.5,0,0,45932.5,37800.06
820860,BAKER COUNTY,0,45932.5,0,0,45932.5,63980.76
894562,BAKER COUNTY,0,45932.5,0,0,45932.5,74512.99
577091,BAKER COUNTY,0,45932.5,0,0,45932.5,72779.5
755818,BAKER COUNTY,0,45932.5,0,0,45932.5,45436.16
839723,BAKER COUNTY,0,45932.5,0,0,45932.5,68771.25
118899,BAKER COUNTY,0,45932.5,0,0,45932.5,63744.12
612231,BAKER COUNTY,0,45932.5,0,0,45932.5,51958.85
163526,BAKER COUNTY,0,45932.5,0,0,45932.5,73699.25
278995,BAKER COUNTY,0,37894.32,0,0,37894.32,31070.91
875706,BAKER COUNTY,0,126314.39,0,0,126314.39,170615.37
712263,BAKER COUNTY,0,114440.68,0,0,114440.68,99204.96
241888,BAKER COUNTY,0,292819.71,0,0,292819.71,367252.14
115934,BAKER COUNTY,0,918650.08,0,0,918650.08,1442513.96
214979,BAKER COUNTY,0,172246.89,0,0,172246.89,237377.74
601369,BAKER COUNTY,0,459325.04,0,0,459325.04,633532.33
859735,BAKER COUNTY,0,28707.81,0,0,28707.81,34173.78
868972,BAKER COUNTY,0,38468.47,0,0,38468.47,41003.54
369631,BAKER COUNTY,0,10396.08,0,0,10396.08,16937.5
130797,SUWANNEE COUNTY,2348172,2348172,2348172,2348172,2348172,3324307.1
770857,SUWANNEE COUNTY,0,43459.02,0,0,43459.02,61746.58
834275,SUWANNEE COUNTY,0,12020.58,0,0,12020.58,16629.19
102432,SUWANNEE COUNTY,63396,63396,63396,63396,63396,94316.64
776440,SUWANNEE COUNTY,76779,76779,76779,76779,76779,85471.3
945568,SUWANNEE COUNTY,244701,244701,244701,244701,244701,196108.28
132404,SUWANNEE COUNTY,20826,20826,20826,20826,20826,28390.67
395018,SUWANNEE COUNTY,677898,677898,677898,677898,677898,807315.51
248575,SUWANNEE COUNTY,1216161,1216161,1216161,1216161,1216161,1754044.69
812631,SUWANNEE COUNTY,2493,2493,2493,2493,2493,2689.15
220621,SUWANNEE COUNTY,6462,6462,6462,6462,6462,6245.57
139061,SUWANNEE COUNTY,19890,19890,19890,19890,19890,24338.2
419108,SUWANNEE COUNTY,94428,94428,94428,94428,94428,83927.61
391574,SUWANNEE COUNTY,2493,2493,2493,2493,2493,4357.44
449147,SUWANNEE COUNTY,5967,5967,5967,5967,5967,7703.87
998635,SUWANNEE COUNTY,18900000,18900000,18900000,18900000,18900000,21420000
437290,SUWANNEE COUNTY,3609198,3609198,3609198,3609198,3609198,3013535.96
395835,SUWANNEE COUNTY,6649758,6649758,6649758,6649758,6649758,8312037.91
613321,SUWANNEE COUNTY,75969,75969,75969,75969,75969,103997.76
865150,SUWANNEE COUNTY,2493,2493,2493,2493,2493,3497.7
635664,SUWANNEE COUNTY,7461,7461,7461,7461,7461,8149.76
529300,SUWANNEE COUNTY,198954,198954,198954,198954,198954,237294.82
430318,SUWANNEE COUNTY,258633,258633,258633,258633,258633,383294.11
441395,SUWANNEE COUNTY,11520,11520,11520,11520,11520,10477.95
294015,SUWANNEE COUNTY,38385,38385,38385,38385,38385,31001.11
950097,SUWANNEE COUNTY,3029976,3029976,3029976,3029976,3029976,3010396.29
110324,SUWANNEE COUNTY,538857,538857,538857,538857,538857,525967.54
416938,SUWANNEE COUNTY,1172421,1172421,1172421,1172421,1172421,1712133.28
586755,SUWANNEE COUNTY,2930220,2930220,2930220,2930220,2930220,4538280.78
863494,SUWANNEE COUNTY,1978974,1978974,1978974,1978974,1978974,2179396.57
574538,SUWANNEE COUNTY,1831842,1831842,1831842,1831842,1831842,1360956.02
514370,SUWANNEE COUNTY,460881,460881,460881,460881,460881,675946.51
373414,SUWANNEE COUNTY,66132,66132,66132,66132,66132,64090.31
997019,SUWANNEE COUNTY,66132,66132,66132,66132,66132,67076.89
910144,SUWANNEE COUNTY,66132,66132,66132,66132,66132,83169.59
552357,SUWANNEE COUNTY,2493,2493,2493,2493,2493,2354.26
655342,SUWANNEE COUNTY,24867,24867,24867,24867,24867,22753.11
897773,SUWANNEE COUNTY,109431,109431,109431,109431,109431,185671.03
926390,SUWANNEE COUNTY,333243,333243,333243,333243,333243,470123.23
216408,SUWANNEE COUNTY,1178082,1178082,1178082,1178082,1178082,1429079.44
548404,SUWANNEE COUNTY,92637,92637,92637,92637,92637,70357.06
206428,SUWANNEE COUNTY,91314,91314,91314,91314,91314,122481.66
292458,SUWANNEE COUNTY,29835,29835,29835,29835,29835,34787.61
919465,SUWANNEE COUNTY,28791,28791,28791,28791,28791,25858.92
630483,SUWANNEE COUNTY,5436,5436,5436,5436,5436,4986.09
825224,SUWANNEE COUNTY,885150,885150,885150,885150,885150,942036.82
404295,SUWANNEE COUNTY,28962,28962,28962,28962,28962,34832.25
150387,SUWANNEE COUNTY,6903,6903,6903,6903,6903,5514.88
946844,SUWANNEE COUNTY,64665,64665,64665,64665,64665,67354.16
751897,SUWANNEE COUNTY,2264391,2264391,2264391,2264391,2264391,3313764.14
910845,SUWANNEE COUNTY,4977,4977,4977,4977,4977,7389.35
763316,SUWANNEE COUNTY,61668,61668,61668,61668,61668,54449.27
727002,SUWANNEE COUNTY,14400,14400,14400,14400,14400,11891.17
559336,SUWANNEE COUNTY,72837,72837,72837,72837,72837,128904.59
236251,SUWANNEE COUNTY,72837,72837,72837,72837,72837,135498.67
529747,SUWANNEE COUNTY,161928,161928,161928,161928,161928,130964.13
858323,SUWANNEE COUNTY,604530,604530,0,0,604530,533249.87
158617,SUWANNEE COUNTY,240622.2,240622.2,0,0,240622.2,285281.68
334713,SUWANNEE COUNTY,0,32094.19,0,0,32094.19,33176.15
318842,SUWANNEE COUNTY,0,32094.19,0,0,32094.19,31693.82
649501,SUWANNEE COUNTY,0,32094.19,0,0,32094.19,35484.95
445540,SUWANNEE COUNTY,0,74144.01,0,0,74144.01,66807.9
371999,SUWANNEE COUNTY,0,32094.19,0,0,32094.19,36578.14
218472,SUWANNEE COUNTY,0,1833.95,0,0,1833.95,1441.54
580250,SUWANNEE COUNTY,0,867339.18,0,0,867339.18,1192456.06
907556,SUWANNEE COUNTY,0,930359.34,0,0,930359.34,1148774.22
327269,SUWANNEE COUNTY,0,44565.08,0,0,44565.08,69684.63
892361,SUWANNEE COUNTY,0,1270260.69,0,0,1270260.69,1122402.35
398442,SUWANNEE COUNTY,0,255027.8,0,0,255027.8,197085.49
423598,SUWANNEE COUNTY,0,265923.32,0,0,265923.32,321708.72
327184,SUWANNEE COUNTY,0,22924.42,0,0,22924.42,18783.7
314582,SUWANNEE COUNTY,0,2792753.33,0,0,2792753.33,3835344
975779,SUWANNEE COUNTY,0,343866.37,0,0,343866.37,287890.42
337568,SUWANNEE COUNTY,0,1931904.47,0,0,1931904.47,1483030.33
459597,SUWANNEE COUNTY,0,202488.69,0,0,202488.69,241042.54
511988,SUWANNEE COUNTY,0,308888.28,0,0,308888.28,354171.3
455917,SUWANNEE COUNTY,0,719781.99,0,0,719781.99,795934.93
304879,SUWANNEE COUNTY,0,308888.28,0,0,308888.28,269009.57
881425,SUWANNEE COUNTY,0,14066.75,0,0,14066.75,17906.42
208817,SUWANNEE COUNTY,0,14066.75,0,0,14066.75,10934.03
918862,SUWANNEE COUNTY,0,14066.75,0,0,14066.75,20624.56
523984,SUWANNEE COUNTY,0,14066.75,0,0,14066.75,12413.21
226520,SUWANNEE COUNTY,0,28133.51,0,0,28133.51,45866.06
413066,SUWANNEE COUNTY,0,1383987.18,0,0,1383987.18,2371758.21
177491,SUWANNEE COUNTY,0,72602.61,0,0,72602.61,66677.07
906786,SUWANNEE COUNTY,0,7260.26,0,0,7260.26,8806.41
252960,SUWANNEE COUNTY,0,1800544.63,0,0,1800544.63,2139219.88
753041,SUWANNEE COUNTY,0,78741.16,0,0,78741.16,104037.54
275656,SUWANNEE COUNTY,0,14130000,0,0,14130000,12780000
366151,SUWANNEE COUNTY,0,1669180.2,0,0,1669180.2,2377630.35
143520,SUWANNEE COUNTY,0,399314.33,0,0,399314.33,406856.58
578715,SUWANNEE COUNTY,0,97105.99,0,0,97105.99,77444.45
728171,SUWANNEE COUNTY,0,358672.3,0,0,358672.3,413362.66
147189,SUWANNEE COUNTY,0,385701.35,0,0,385701.35,581398.49
626834,SUWANNEE COUNTY,0,32671.17,0,0,32671.17,43275.19
840720,SUWANNEE COUNTY,0,163355.86,0,0,163355.86,205674.83
911131,SUWANNEE COUNTY,0,47295.92,0,0,47295.92,63972.93
814705,SUWANNEE COUNTY,0,138384.12,0,0,138384.12,110866.44
896748,SUWANNEE COUNTY,0,98996.02,0,0,98996.02,72512.61
640263,SUWANNEE COUNTY,0,125693.56,0,0,125693.56,179457.22
756661,SUWANNEE COUNTY,0,98996.02,0,0,98996.02,159660.78
267816,SUWANNEE COUNTY,0,98996.02,0,0,98996.02,123152.73
876992,SUWANNEE COUNTY,0,140282.99,0,0,140282.99,112724.12
866801,SUWANNEE COUNTY,0,140282.99,0,0,140282.99,137794.37
135106,SUWANNEE COUNTY,0,135793.93,0,0,135793.93,164294.23
995558,SUWANNEE COUNTY,0,220188.18,0,0,220188.18,199346.49
577604,SUWANNEE COUNTY,0,220188.18,0,0,220188.18,321763.63
334208,SUWANNEE COUNTY,0,220188.18,0,0,220188.18,171988.99
601206,SUWANNEE COUNTY,0,135793.93,0,0,135793.93,196166.83
335613,SUWANNEE COUNTY,0,135793.93,0,0,135793.93,112373.28
586214,SUWANNEE COUNTY,0,123449.03,0,0,123449.03,97843.85
645424,SUWANNEE COUNTY,0,220188.18,0,0,220188.18,315327.09
584595,SUWANNEE COUNTY,0,123449.03,0,0,123449.03,171439.72
924430,SUWANNEE COUNTY,0,135793.93,0,0,135793.93,172195.4
842675,CLAY COUNTY,0,4402.16,0,0,4402.16,6383.79
379599,CLAY COUNTY,0,2175765.3,0,2175765.3,2175765.3,2915525.5
280286,CLAY COUNTY,0,2158173,0,2158173,2158173,2053976.41
147622,CLAY COUNTY,0,11160000,0,11160000,11160000,12600000
592104,CLAY COUNTY,0,316139.85,0,0,316139.85,338392.3
936914,CLAY COUNTY,0,57600,0,57600,57600,93768.19
689421,CLAY COUNTY,0,221400,0,221400,221400,262226.16
162509,CLAY COUNTY,0,111600,0,111600,111600,89661.45
205789,CLAY COUNTY,0,15120,0,15120,15120,14018.96
559033,CLAY COUNTY,0,9180,0,9180,9180,11037.3
411708,CLAY COUNTY,0,127800,0,127800,127800,155905.78
945341,CLAY COUNTY,0,1434992.47,0,0,1434992.47,1515616.08
985128,CLAY COUNTY,0,128341.04,0,0,128341.04,135476.81
859902,CLAY COUNTY,0,638012.84,0,0,638012.84,621929.81
767859,CLAY COUNTY,0,56135.64,0,0,56135.64,64506.59
235747,CLAY COUNTY,0,28869.12,0,0,28869.12,28540.7
644183,CLAY COUNTY,0,28869.12,0,0,28869.12,34013.3
956443,CLAY COUNTY,0,56135.64,0,0,56135.64,67511.87
278796,CLAY COUNTY,0,56135.64,0,0,56135.64,46311.06
608556,CLAY COUNTY,0,56135.64,0,0,56135.64,64188.3
454763,CLAY COUNTY,0,56135.64,0,0,56135.64,73321.23
908461,CLAY COUNTY,0,56135.64,0,0,56135.64,50043.8
333252,CLAY COUNTY,0,48115.94,0,0,48115.94,68689.36
332105,CLAY COUNTY,0,56135.64,0,0,56135.64,82998
874411,CLAY COUNTY,0,48115.94,0,0,48115.94,72366.67
700665,CLAY COUNTY,0,80192.49,0,0,80192.49,115903.01
582288,CLAY COUNTY,0,176424.38,0,0,176424.38,206159.65
903047,CLAY COUNTY,0,24057.97,0,0,24057.97,22554.49
446936,CLAY COUNTY,0,56135.64,0,0,56135.64,48470.26
758257,CLAY COUNTY,0,56135.64,0,0,56135.64,71824.88
205579,CLAY COUNTY,0,240578.59,0,0,240578.59,221020.03
542261,CLAY COUNTY,0,48115.94,0,0,48115.94,55496.25
467776,CLAY COUNTY,0,56135.64,0,0,56135.64,59463.81
547808,CLAY COUNTY,0,24057.97,0,0,24057.97,32434.96
148603,CLAY COUNTY,0,24057.97,0,0,24057.97,24459.84
620151,CLAY COUNTY,0,24057.97,0,0,24057.97,21565.57
423148,CLAY COUNTY,0,48115.94,0,0,48115.94,46045.51
285805,CLAY COUNTY,0,80192.49,0,0,80192.49,90722.65
666963,CLAY COUNTY,0,57739.36,0,0,57739.36,87358.49
218058,CLAY COUNTY,0,14310000,0,0,14310000,22950000
824968,CLAY COUNTY,0,511334.86,0,0,511334.86,800770.85
583791,CLAY COUNTY,0,192789.23,0,0,192789.23,240863.15
288895,CLAY COUNTY,0,108607.09,0,0,108607.09,171816.42
622218,CLAY COUNTY,0,2419079.14,0,0,2419079.14,2693973.61
471679,CLAY COUNTY,0,473034.24,0,0,473034.24,524114.84
330603,CLAY COUNTY,0,14589.43,0,0,14589.43,10937.7
340377,CLAY COUNTY,0,280565.98,0,0,280565.98,326897.52
325580,CLAY COUNTY,0,280565.98,0,0,280565.98,346779.55
355939,CLAY COUNTY,0,224452.78,0,0,224452.78,298522.2
537551,CLAY COUNTY,0,168339.59,0,0,168339.59,200837.38
817217,CLAY COUNTY,0,149822.23,0,0,149822.23,179609.44
307610,CLAY COUNTY,0,145894.31,0,0,145894.31,203435.9
934843,CLAY COUNTY,0,89781.11,0,0,89781.11,118427.03
479633,CLAY COUNTY,0,101003.75,0,0,101003.75,93174.75
261810,CLAY COUNTY,0,44890.56,0,0,44890.56,46949.01
251498,CLAY COUNTY,0,31423.39,0,0,31423.39,43353.72
652676,CLAY COUNTY,0,179562.23,0,0,179562.23,160241.33
430162,CLAY COUNTY,0,28056.6,0,0,28056.6,28632.04
107565,CLAY COUNTY,0,39279.24,0,0,39279.24,46250.83
137773,CLAY COUNTY,0,33667.92,0,0,33667.92,41164.08
150881,CLAY COUNTY,0,2973818.68,0,0,2973818.68,4519811.85
818305,CLAY COUNTY,0,391052.86,0,0,391052.86,404205.53
772993,CLAY COUNTY,0,28396.64,0,0,28396.64,36657.57
335686,CLAY COUNTY,0,85545.69,0,0,85545.69,81556.52
354163,CLAY COUNTY,0,25972.55,0,0,25972.55,38665.08
131859,CLAY COUNTY,0,817622,0,0,817622,1049473.44
102237,CLAY COUNTY,0,84169.79,0,0,84169.79,92277.53
496689,CLAY COUNTY,0,20200.75,0,0,20200.75,31354.96
386266,CLAY COUNTY,0,20200.75,0,0,20200.75,16870.05
189496,CLAY COUNTY,0,484818.01,0,0,484818.01,624602.68
448454,CLAY COUNTY,0,58357.72,0,0,58357.72,89318.13
152055,CLAY COUNTY,0,21323.01,0,0,21323.01,33506.98
516954,CLAY COUNTY,0,871202.25,0,0,871202.25,1180717.76
346222,LAFAYETTE COUNTY,137358,137358,137358,137358,137358,198268.31
827364,LAFAYETTE COUNTY,0,893221.56,0,0,893221.56,1236504.47
865575,LAFAYETTE COUNTY,0,2773.98,0,0,2773.98,4121.29
666784,LAFAYETTE COUNTY,541125,541125,541125,541125,541125,724120.49
908304,LAFAYETTE COUNTY,4806,4806,4806,4806,4806,5921.72
724035,LAFAYETTE COUNTY,3600,3600,3600,3600,3600,5172.93
616507,LAFAYETTE COUNTY,1800,1800,1800,1800,1800,1703.46
743467,LAFAYETTE COUNTY,630,630,630,630,630,702.76
542565,LAFAYETTE COUNTY,630,630,630,630,630,626.15
666420,LAFAYETTE COUNTY,270,270,270,270,270,306.35
716343,LAFAYETTE COUNTY,270,270,270,270,270,396.9
166243,LAFAYETTE COUNTY,270,270,270,270,270,344.6
869527,LAFAYETTE COUNTY,270,270,270,270,270,409.46
793316,LAFAYETTE COUNTY,270,270,270,270,270,399.23
525660,LAFAYETTE COUNTY,630,630,630,630,630,528.66
228542,LAFAYETTE COUNTY,810,810,810,810,810,932.19
345892,LAFAYETTE COUNTY,810,810,810,810,810,633.05
235832,LAFAYETTE COUNTY,315,315,315,315,315,421.66
710139,LAFAYETTE COUNTY,100890,100890,100890,100890,100890,183753.98
352426,LAFAYETTE COUNTY,4806,4806,4806,4806,4806,7000.23
384442,LAFAYETTE COUNTY,621306,621306,621306,621306,621306,596751.99
286876,LAFAYETTE COUNTY,519309,519309,519309,519309,519309,795315.5
300150,LAFAYETTE COUNTY,630315,630315,630315,630315,630315,448815.8
604759,LAFAYETTE COUNTY,1159911,1159911,1159911,1159911,1159911,843487.28
374411,LAFAYETTE COUNTY,165510,165510,165510,165510,165510,202077.78
447691,LAFAYETTE COUNTY,50850,50850,50850,50850,50850,77525.91
735405,LAFAYETTE COUNTY,1350,1350,1350,1350,1350,1778.11
476328,LAFAYETTE COUNTY,900,900,900,900,900,1075.53
188892,LAFAYETTE COUNTY,1350,1350,1350,1350,1350,1722.78
738918,LAFAYETTE COUNTY,46260,46260,46260,46260,46260,70944.34
320338,LAFAYETTE COUNTY,6687,6687,6687,6687,6687,8916.45
443947,LAFAYETTE COUNTY,3600,3600,3600,3600,3600,4816.97
167317,LAFAYETTE COUNTY,3600,3600,3600,3600,3600,6629.92
430437,LAFAYETTE COUNTY,4950,4950,4950,4950,4950,6005.72
873593,LAFAYETTE COUNTY,4950,4950,4950,4950,4950,6181.05
653808,LAFAYETTE COUNTY,3510,3510,3510,3510,3510,5894.44
122734,LAFAYETTE COUNTY,6750,6750,6750,6750,6750,10024.56
603486,LAFAYETTE COUNTY,6750,6750,6750,6750,6750,6570.25
855783,LAFAYETTE COUNTY,8730,8730,8730,8730,8730,12734.15
379870,LAFAYETTE COUNTY,11700,11700,11700,11700,11700,9794.3
536577,LAFAYETTE COUNTY,7290,7290,7290,7290,7290,5723.13
178873,LAFAYETTE COUNTY,27450,27450,27450,27450,27450,38033.51
300562,LAFAYETTE COUNTY,644667.3,644667.3,644667.3,644667.3,644667.3,865937.75
555619,LAFAYETTE COUNTY,1474668,1474668,1474668,1474668,1474668,1804462.75
758060,LAFAYETTE COUNTY,400446,400446,400446,400446,400446,601365.78
489526,LAFAYETTE COUNTY,366579,366579,366579,366579,366579,429078.89
861565,LAFAYETTE COUNTY,979389,979389,979389,979389,979389,999074.72
692765,LAFAYETTE COUNTY,463527,463527,463527,463527,463527,617189.91
428588,LAFAYETTE COUNTY,7290,7290,7290,7290,7290,9312.29
116583,LAFAYETTE COUNTY,19440,19440,19440,19440,19440,31672.04
779587,LAFAYETTE COUNTY,13698,13698,13698,13698,13698,11265.14
827888,LAFAYETTE COUNTY,21150,21150,21150,21150,21150,17218.66
983194,LAFAYETTE COUNTY,9270,9270,9270,9270,9270,13406.92
549068,LAFAYETTE COUNTY,0,8999.56,0,0,8999.56,9788.64
116416,LAFAYETTE COUNTY,0,16686.68,0,0,16686.68,23178.2
787983,LAFAYETTE COUNTY,0,124578.27,0,0,124578.27,157491.85
473317,LAFAYETTE COUNTY,0,478171.89,0,0,478171.89,539836.94
139920,LAFAYETTE COUNTY,0,54372.34,0,0,54372.34,86556.41
464379,LAFAYETTE COUNTY,0,263732.02,0,0,263732.02,225245.61
110577,LAFAYETTE COUNTY,0,56113.2,0,0,56113.2,58759.94
964532,LAFAYETTE COUNTY,0,2888.71,0,0,2888.71,4492.52
783365,LAFAYETTE COUNTY,0,14441.29,0,0,14441.29,22502.42
243580,LAFAYETTE COUNTY,0,28881.46,0,0,28881.46,32148.56
936931,LAFAYETTE COUNTY,0,69355.91,0,0,69355.91,93015.29
464273,LAFAYETTE COUNTY,0,17800.23,0,0,17800.23,28708.21
142893,LAFAYETTE COUNTY,0,61948.97,0,0,61948.97,77736.97
583948,LAFAYETTE COUNTY,0,369572.73,0,0,369572.73,535138.35
466262,LAFAYETTE COUNTY,0,769255.8,0,0,769255.8,1145968.05
868179,CLAY COUNTY,255420,255420,255420,255420,255420,441715.69
368509,CLAY COUNTY,150570,150570,150570,150570,150570,182508.91
825334,CLAY COUNTY,68391,68391,68391,68391,68391,75344.45
584286,CLAY COUNTY,0,13869.9,0,13869.9,13869.9,12628.82
426369,CLAY COUNTY,0,232089.66,0,0,232089.66,248614.44
621175,CLAY COUNTY,328500,328500,328500,328500,328500,576162.72
740683,CLAY COUNTY,487431,487431,0,0,487431,585121.92
974438,CLAY COUNTY,312602.4,312602.4,0,0,312602.4,528647.55
443137,CLAY COUNTY,519750,519750,519750,519750,519750,858852.57
174313,CLAY COUNTY,0,237600,0,237600,237600,380753.05
515429,CLAY COUNTY,0,714435.95,0,0,714435.95,1091029.43
168714,CLAY COUNTY,0,826097.81,0,0,826097.81,1127058.45
967565,CLAY COUNTY,0,835969.55,0,0,835969.55,780380.92
216270,CLAY COUNTY,0,1196984.13,0,0,1196984.13,1300086.36
650875,CLAY COUNTY,0,3163525.96,0,0,3163525.96,3865825.55
971511,CLAY COUNTY,0,50815.57,0,0,50815.57,57581.86
413953,CLAY COUNTY,0,28869.12,0,0,28869.12,37841
450658,CLAY COUNTY,0,28869.12,0,0,28869.12,32595.54
228299,CLAY COUNTY,0,60946.79,0,0,60946.79,89079.82
717202,CLAY COUNTY,0,56135.64,0,0,56135.64,65537.24
772804,CLAY COUNTY,0,1924626.49,0,0,1924626.49,2724693.72
932466,CLAY COUNTY,0,3207710.82,0,0,3207710.82,3364247.11
533299,CLAY COUNTY,0,252172.7,0,0,252172.7,221584.15
284003,CLAY COUNTY,0,75926.76,0,0,75926.76,66760.13
205704,CLAY COUNTY,0,48462.72,0,0,48462.72,58258.49
346837,CLAY COUNTY,0,50501.88,0,0,50501.88,47281.88
371665,CLAY COUNTY,0,8978.11,0,0,8978.11,9940.79
574882,CLAY COUNTY,0,948818.02,0,0,948818.02,1695575.76
110888,CLAY COUNTY,0,409783.44,0,0,409783.44,354257.79
375055,BAKER COUNTY,0,1115436.6,0,1115436.6,1115436.6,1102932.56
482716,BAKER COUNTY,0,218475,0,218475,218475,296798.29
603519,BAKER COUNTY,0,3210.02,0,0,3210.02,2968.09
268570,BAKER COUNTY,0,78672.59,0,0,78672.59,101150.37
820558,CLAY COUNTY,0,1900458,0,0,1900458,2928377.72
498729,CLAY COUNTY,9377.1,9377.1,9377.1,9377.1,9377.1,12533.51
950716,CLAY COUNTY,0,3060631.7,0,0,3060631.7,2745019.36
128894,CLAY COUNTY,0,520973.65,0,0,520973.65,907861.19
881492,CLAY COUNTY,0,520973.65,0,0,520973.65,755109.63
321346,CLAY COUNTY,0,520973.65,0,0,520973.65,514011.88
581291,CLAY COUNTY,0,520973.65,0,0,520973.65,432979.12
370644,CLAY COUNTY,0,520973.65,0,0,520973.65,869296.64
545031,CLAY COUNTY,0,520973.65,0,0,520973.65,540745.65
201089,CLAY COUNTY,0,520973.65,0,0,520973.65,418112.62
790967,CLAY COUNTY,0,549103.15,0,0,549103.15,546750.24
558007,CLAY COUNTY,0,549103.15,0,0,549103.15,801333.68
125552,CLAY COUNTY,0,549103.15,0,0,549103.15,818841.28
527643,CLAY COUNTY,0,549103.15,0,0,549103.15,615187.71
110872,CLAY COUNTY,0,549103.15,0,0,549103.15,386601.56
893113,CLAY COUNTY,1430834.4,1430834.4,1430834.4,1430834.4,1430834.4,1835036.53
575211,CLAY COUNTY,613728,613728,613728,613728,613728,1075947.42
665536,CLAY COUNTY,301320,301320,301320,301320,301320,334103.62
273487,CLAY COUNTY,286110,286110,286110,286110,286110,361839.31
280674,CLAY COUNTY,121950,121950,121950,121950,121950,189305.42
248341,CLAY COUNTY,117000,117000,117000,117000,117000,86913.22
113250,CLAY COUNTY,41130,41130,41130,41130,41130,43634.98
430658,CLAY COUNTY,0,603802.98,0,0,603802.98,892702.18
449510,CLAY COUNTY,0,825721.38,0,0,825721.38,1167570.03
814098,CLAY COUNTY,0,35137.08,0,0,35137.08,42734.24
491496,CLAY COUNTY,0,825721.38,0,0,825721.38,858163.97
519546,CLAY COUNTY,0,11790000,0,0,11790000,19170000
399722,CLAY COUNTY,595161,595161,595161,595161,595161,579353.52
898714,CLAY COUNTY,0,18000000,0,0,18000000,14760000
284335,CLAY COUNTY,1763384.4,1763384.4,0,0,1763384.4,2768823.86
328660,CLAY COUNTY,0,133841.37,0,0,133841.37,147953.61
939217,CLAY COUNTY,0,55003.3,0,0,55003.3,53780.03
312341,CLAY COUNTY,0,121007.27,0,0,121007.27,110788.45
851500,CLAY COUNTY,0,116882.02,0,0,116882.02,115460.74
206063,CLAY COUNTY,0,550033.04,0,0,550033.04,669280.21
911054,CLAY COUNTY,0,170510.24,0,0,170510.24,168595.07
990316,CLAY COUNTY,0,73337.74,0,0,73337.74,118125.1
998798,CLAY COUNTY,0,22918.04,0,0,22918.04,27908.4
743895,CLAY COUNTY,0,188798.84,0,0,188798.84,210330.97
183291,CLAY COUNTY,0,19251.16,0,0,19251.16,16466.67
762494,CLAY COUNTY,0,916.72,0,0,916.72,1411.28
614159,CLAY COUNTY,0,916.72,0,0,916.72,1435.17
313157,CLAY COUNTY,0,4583.61,0,0,4583.61,7078.93
549388,CLAY COUNTY,0,9167.22,0,0,9167.22,11377.32
381206,CLAY COUNTY,0,4583.61,0,0,4583.61,3480.06
903839,CLAY COUNTY,0,4583.61,0,0,4583.61,6529.99
484007,CLAY COUNTY,0,641705.22,0,0,641705.22,1060589.85
758694,CLAY COUNTY,0,91672.17,0,0,91672.17,79248.67
718473,CLAY COUNTY,0,73337.74,0,0,73337.74,90816.18
310500,CLAY COUNTY,0,506981.65,0,0,506981.65,815039.92
951965,CLAY COUNTY,0,22918.04,0,0,22918.04,17364.25
686067,CLAY COUNTY,0,366688.7,0,0,366688.7,261217.29
630246,CLAY COUNTY,0,550033.04,0,0,550033.04,636331.03
960864,CLAY COUNTY,0,192511.57,0,0,192511.57,280797.37
368093,CLAY COUNTY,0,68225.18,0,0,68225.18,61184.34
596039,CLAY COUNTY,0,38502.31,0,0,38502.31,39192.51
793688,CLAY COUNTY,0,128341.04,0,0,128341.04,183188.23
655727,CLAY COUNTY,0,68754.13,0,0,68754.13,101921.12
203305,CLAY COUNTY,0,1512590.87,0,0,1512590.87,2213561.78
625673,CLAY COUNTY,0,146675.48,0,0,146675.48,201356.1
484687,CLAY COUNTY,0,110006.61,0,0,110006.61,131416.09
745529,CLAY COUNTY,0,114590.22,0,0,114590.22,193812.39
595624,CLAY COUNTY,0,84338.4,0,0,84338.4,137296.17
901277,CLAY COUNTY,0,458360.87,0,0,458360.87,746211.5
986412,CLAY COUNTY,0,106339.72,0,0,106339.72,84582.61
555955,CLAY COUNTY,354825,354825,354825,354825,354825,517395.53
817829,CLAY COUNTY,3324844.8,3324844.8,3324844.8,3324844.8,3324844.8,2711597.13
447682,CLAY COUNTY,125233.2,125233.2,125233.2,125233.2,125233.2,149904.14
791246,CLAY COUNTY,36000,36000,36000,36000,36000,56598.91
828195,CLAY COUNTY,0,678705.08,0,0,678705.08,616576.41
349231,CLAY COUNTY,0,892627.93,0,0,892627.93,1265075.15
327231,CLAY COUNTY,0,1700649.1,0,0,1700649.1,2552555.25
157885,CLAY COUNTY,4086.9,4086.9,4086.9,4086.9,4086.9,3205.12
480677,CLAY COUNTY,0,144346.71,0,0,144346.71,140002.3
469669,CLAY COUNTY,0,96229.64,0,0,96229.64,103110.93
162340,CLAY COUNTY,0,24057.97,0,0,24057.97,27217.07
368883,CLAY COUNTY,0,80192.49,0,0,80192.49,91361.7
823110,CLAY COUNTY,0,28869.12,0,0,28869.12,34879.55
805930,CLAY COUNTY,0,48115.94,0,0,48115.94,80360.6
615055,CLAY COUNTY,0,56135.64,0,0,56135.64,52998.33
510571,CLAY COUNTY,0,1590967.33,0,0,1590967.33,1637729.04
599636,CLAY COUNTY,0,56135.64,0,0,56135.64,55895.1
252174,CLAY COUNTY,0,80192.49,0,0,80192.49,73183.67
801148,CLAY COUNTY,0,99439.32,0,0,99439.32,116522.99
793447,CLAY COUNTY,0,24057.97,0,0,24057.97,29023.54
787827,CLAY COUNTY,0,641542.16,0,0,641542.16,984780.05
970645,CLAY COUNTY,0,641542.16,0,0,641542.16,980917.97
829730,CLAY COUNTY,0,14400000,0,0,14400000,12330000
693967,CLAY COUNTY,0,904575.01,0,0,904575.01,856428.1
780380,CLAY COUNTY,0,2485482.37,0,0,2485482.37,4147275.88
816959,CLAY COUNTY,0,47135.08,0,0,47135.08,43057.9
575231,CLAY COUNTY,0,436526.99,0,0,436526.99,490051.75
625865,CLAY COUNTY,0,57839.24,0,0,57839.24,96608.3
132961,CLAY COUNTY,0,5499407.39,0,0,5499407.39,4588881.51
418645,CLAY COUNTY,0,57235.46,0,0,57235.46,46391.63
451133,CLAY COUNTY,0,39279.24,0,0,39279.24,35841.32
688245,CLAY COUNTY,0,5611.32,0,0,5611.32,9043.11
516626,CLAY COUNTY,0,3193.31,0,0,3193.31,4390.91
529970,ST  JOHNS COUNTY,0,634316.76,0,0,634316.76,824358.06
884768,ST  JOHNS COUNTY,0,813700.8,0,813700.8,813700.8,1246690.52
163481,ST  JOHNS COUNTY,0,735104.7,0,735104.7,735104.7,743455.49
758210,ST  JOHNS COUNTY,7647876,7647876,7647876,7647876,7647876,10800000
249945,ST  JOHNS COUNTY,27432,27432,27432,27432,27432,30773.11
805642,ST  JOHNS COUNTY,1026,1026,1026,1026,1026,1071.49
240151,ST  JOHNS COUNTY,88569,88569,88569,88569,88569,76014.88
144321,ST  JOHNS COUNTY,88569,88569,88569,88569,88569,75826.4
872373,ST  JOHNS COUNTY,88569,88569,88569,88569,88569,81539.81
775283,ST  JOHNS COUNTY,88569,88569,88569,88569,88569,112953.64
138616,ST  JOHNS COUNTY,88569,88569,88569,88569,88569,83501.61
397202,ST  JOHNS COUNTY,88569,88569,88569,88569,88569,69794.59
758276,ST  JOHNS COUNTY,74331,74331,74331,74331,74331,99762.01
217068,ST  JOHNS COUNTY,5508,5508,5508,5508,5508,6011.3
627387,ST  JOHNS COUNTY,5508,5508,5508,5508,5508,6422.02
611518,ST  JOHNS COUNTY,22068,22068,22068,22068,22068,22868.1
474581,ST  JOHNS COUNTY,3681,3681,3681,3681,3681,2885.9
581062,ST  JOHNS COUNTY,2205,2205,2205,2205,2205,2543.62
242620,ST  JOHNS COUNTY,362762.1,362762.1,0,0,362762.1,303003.21
599189,ST  JOHNS COUNTY,331312.5,331312.5,0,0,331312.5,533946.54
240859,ST  JOHNS COUNTY,0,777535.09,0,0,777535.09,1306912.08
392938,ST  JOHNS COUNTY,0,815202.73,0,0,815202.73,1004329.76
868280,ST  JOHNS COUNTY,0,625780.18,0,0,625780.18,683233.06
640979,ST  JOHNS COUNTY,0,552372.75,0,0,552372.75,519401.62
924750,ST  JOHNS COUNTY,0,63113.88,0,0,63113.88,53987.61
753749,FLAGLER COUNTY,0,16409.74,0,0,16409.74,23428.39
218910,ST  JOHNS COUNTY,0,694252.66,0,0,694252.66,862744.3
716300,ST  JOHNS COUNTY,0,56113.2,0,0,56113.2,48739.92
592140,ST  JOHNS COUNTY,8531847,8531847,8531847,8531847,8531847,13140000
405514,ST  JOHNS COUNTY,16740000,16740000,16740000,16740000,16740000,20610000
201544,ST  JOHNS COUNTY,975978,975978,975978,975978,975978,1398311.01
952351,ST  JOHNS COUNTY,25902,25902,25902,25902,25902,24398.83
453419,ST  JOHNS COUNTY,2754,2754,2754,2754,2754,4887.8
636902,ST  JOHNS COUNTY,1836,1836,1836,1836,1836,2527.48
836032,ST  JOHNS COUNTY,2880,2880,2880,2880,2880,4178.44
587845,ST  JOHNS COUNTY,15993,15993,15993,15993,15993,17384.65
268554,ST  JOHNS COUNTY,16731,16731,16731,16731,16731,20673.23
218318,ST  JOHNS COUNTY,39348,39348,39348,39348,39348,35792.36
429098,ST  JOHNS COUNTY,70317,70317,70317,70317,70317,71723.34
904790,ST  JOHNS COUNTY,12411,12411,12411,12411,12411,10108.31
341035,ST  JOHNS COUNTY,202500,202500,202500,202500,202500,169111.8
766044,ST  JOHNS COUNTY,0,84169.79,0,0,84169.79,134593.05
900080,ST  JOHNS COUNTY,0,1105429.95,0,0,1105429.95,1217821.23
736640,ST  JOHNS COUNTY,0,171004.96,0,0,171004.96,187971.39
876566,ST  JOHNS COUNTY,0,67279.72,0,0,67279.72,108322.84
937515,ST  JOHNS COUNTY,0,17423.15,0,0,17423.15,19984.49
123359,ST  JOHNS COUNTY,0,157390.78,0,0,157390.78,198199.06
147295,ST  JOHNS COUNTY,0,1284191.96,0,0,1284191.96,1642977.22
638119,ST  JOHNS COUNTY,0,121860,0,0,121860,169294.61
686788,ST  JOHNS COUNTY,264600,264600,264600,264600,264600,293714.47
293065,ST  JOHNS COUNTY,0,4402306.26,0,0,4402306.26,6428987.19
180193,ST  JOHNS COUNTY,0,1221475.86,0,0,1221475.86,1465184.72
772617,ST  JOHNS COUNTY,0,22191.84,0,0,22191.84,27778.77
403715,ST  JOHNS COUNTY,166599,166599,166599,166599,166599,137403.52
361295,ST  JOHNS COUNTY,26487,26487,26487,26487,26487,24895.93
927744,ST  JOHNS COUNTY,17982,17982,17982,17982,17982,12187.12
216775,ST  JOHNS COUNTY,179622,179622,179622,179622,179622,267395.91
594385,ST  JOHNS COUNTY,918,918,918,918,918,1273.12
197723,ST  JOHNS COUNTY,112149,112149,112149,112149,112149,144151.39
578894,ST  JOHNS COUNTY,918,918,918,918,918,1255.38
768448,ST  JOHNS COUNTY,19575,19575,19575,19575,19575,25830.23
481388,ST  JOHNS COUNTY,74331,74331,74331,74331,74331,109824.35
313664,ST  JOHNS COUNTY,74331,74331,74331,74331,74331,63844.23
731719,ST  JOHNS COUNTY,74331,74331,74331,74331,74331,74026.54
308578,ST  JOHNS COUNTY,1377,1377,1377,1377,1377,1858.84
121709,ST  JOHNS COUNTY,243774,243774,243774,243774,243774,361565.6